{
    "n": 20,
    "result": [
        0,
        0.00520991895995562,
        0.004886567676196358,
        0.004146932669152629,
        0.003963058081985686,
        0.006752876903393481,
        0.008366134832583227,
        0.01159528232558156,
        0.00605025466482455,
        0.009128760744119497,
        0.00884842613161073,
        0.0044028152455679315,
        0.003723891786475239,
        0.00015134389994121873,
        0.00030605389978761587,
        0.00272989689870669,
        0.00037724062701752735,
        0.00007017068009912517,
        0.0016370586689708865,
        0.000021012203675811834,
        0.0002995488225894503,
        0.0018171213239909993,
        0.004113643568507005,
        0.005816035512978191,
        0.006603843725402156,
        0.0010059496072047933,
        0.00695949229626569,
        0.01585671158786683,
        0.004252135008525522,
        0.011664423150812495,
        0.006821082128450851,
        0.002170448774355827,
        0.0008301581172869431,
        0.0016732632717244861,
        0.00002708865193225377,
        0.000002388745640657323,
        0.00046051332879860235,
        0.00006229687368961847,
        0.0007202619527234244,
        0.00005395209492178258,
        0.0005302887385164888,
        0.0003328337849147077,
        0.0017841923531640728,
        0.003927906978082249,
        0.006846473571214344,
        0.004177513644056253,
        0.004283622622572984,
        0.01446424779009993,
        0.02273174649171118,
        0.039807948365850575,
        0.011016888305682777,
        0.000012650213178157455,
        0.0001420733260487359,
        0.0001597204072843906,
        0.00005469244131389348,
        0.0000733694441778656,
        0.00011130703522025471,
        0.00011331616039254942,
        0.0010853052242168486,
        0.00008637472839691305,
        0.00006230464092766823,
        0,
        0.0018437993346687822,
        0.0027613064282747306,
        0.0035292417313886686,
        0.008039972838581655,
        0.011112366360347698,
        0.013135445068780793,
        0.011047560653245437,
        0.00627912678045975,
        0.016454685196683735,
        0.02110271573666429,
        0.00035598187249183904,
        0.0005474963530079482,
        0.00018728980434043886,
        0.00034223103365849,
        0.00008258391741236472,
        0.00011615765028688102,
        0.00021908130481728303,
        0.00009779744779052921,
        0.00003421096642540139,
        0,
        0.0004767418005853755,
        0.0009250035055544673,
        0.002899311332252609,
        0.002036678200262461,
        0.009465321332404453,
        0.061744062851563856,
        0.08119669308696698,
        0.13267333517705235,
        0.10615287518446237,
        0.08994363423881825,
        0.05137766455637872,
        0.0005960901839790524,
        0.000034950598401694335,
        0.00032801823610019453,
        0.0001084946948895271,
        0.00032905042151886897,
        0.00007784825503962653,
        0.00010707874292003238,
        0.00004895038925040388,
        0,
        0,
        0.0017935398328893359,
        0.001293923677386337,
        0.005803225306747413,
        0.0030072364061064726,
        0.9129074259502011,
        0.8170603114063282,
        1.7640020419215445,
        1.7976409159978897,
        1.8174986992989464,
        1.8829666257816826,
        0.0007464218169202653,
        0.0005079342554594265,
        0.00030231408787349074,
        0.00011009120379480117,
        0.00005718792673529635,
        0.0000453632318237457,
        0.00011451420884247806,
        0.000020229269778475003,
        0,
        0,
        0.001173101905179678,
        0.0005706876250697557,
        0.0022185544556789128,
        0.007871571069982245,
        0.9941062705140787,
        0.9821307691409374,
        1.9579885987989938,
        1.920999627445953,
        2.039259484347808,
        2.0061767525883822,
        0.0003807209428072409,
        0.0008712546946081253,
        0.0000028190883479523683,
        0.000314089457778302,
        0.0004681344911967038,
        0.00013856295237013363,
        0.00012866809570237855,
        0.00026236019372839715,
        0,
        0,
        0,
        0.0021689906264905465,
        0.00047729542816068104,
        0.004091874970766814,
        0.9705528843421896,
        1.0191946343458433,
        0.08165841003135538,
        0.0973932739018766,
        4.0463718571903975,
        3.9816025284873517,
        0.00014784488637739157,
        0.0011920683024886267,
        0.0001802640887190141,
        0.0000749190217402888,
        0.00005931934010736735,
        1.0565487138799274e-7,
        0.000008004294582265712,
        0,
        0,
        0,
        0,
        0.0012894863663363836,
        0.0016487236101680738,
        0.009167563390654606,
        1.125112029215122,
        1.1937152974225251,
        0.23368072643981086,
        0.1879073349893013,
        4.1524175972891735,
        3.9797675966604222,
        0.0010686059024922468,
        0.0003677916028042432,
        0.0012024283611028917,
        0.00006827352377384384,
        0.0002774161509865468,
        0.0001550027414512936,
        0.0000666627228168636,
        0,
        0,
        0,
        0,
        0.0007869153846772744,
        0.001434311314969988,
        0.0014483324931503622,
        0.9949560788654765,
        1.0037801951089165,
        2.9832367564419946,
        2.9922246029315858,
        3.0655733977785884,
        3.0438970803431076,
        0.006899897577211333,
        0.0006488191148409967,
        0.00011142304761167646,
        0.0007840561502379692,
        0.0002690609463017453,
        0.00012706226804936303,
        0.0000023533427237419874,
        0,
        0,
        0,
        0,
        0.000318312315146483,
        0.0009414773325794668,
        0.002853642982701444,
        0.8054300307953931,
        0.6337440090317873,
        2.6151781874619715,
        2.6354032933038343,
        2.696562569672389,
        2.754741512565103,
        0.0030096998848525252,
        0.0036940744304505293,
        0.00009598730657325047,
        0.0008390571060260231,
        0.000007993029850677028,
        0.0001747759390116845,
        0.00003579061382412319,
        0,
        0,
        0,
        0,
        0.000049910060858120425,
        0.001586503354351171,
        0.004190577693792843,
        1.1142514099083716,
        1.192662696341013,
        0.18075961323240455,
        0.13555447874004806,
        0.12882969967431881,
        0.04819043949138355,
        0.0017402648181144757,
        0.005780972513002434,
        0.0004363160955362371,
        0.00024581943858844224,
        0.00018789597196457462,
        0.0002528233064726139,
        0.0000034539654307601253,
        0,
        0,
        0,
        0.000012643874488981886,
        0.000011725462958924439,
        0.0007176663223477271,
        0.004106834442667358,
        0.9818568082627218,
        0.9581352988498847,
        0.012786165437996691,
        0.010404981145539,
        0.008175830455132621,
        0.01969609137827051,
        0.009090298652288267,
        0.004573927902097175,
        0.006468437576824688,
        0.0009629419219018561,
        0.0003534685226371634,
        0.00008674174111525471,
        0.00001610346936024127,
        0,
        0,
        0,
        0.00009235248598514679,
        0.0003468642515666318,
        0.00020108040163013602,
        0.016188326355921785,
        1.0247323358536786,
        1.0242268184802938,
        0.0007165714470298004,
        0.0038741710224484494,
        0.028152499005862103,
        0.015772753660513422,
        0.01288230432540818,
        0.007153194922113319,
        0.002205930907176805,
        0.0012158113294286203,
        0.0007995982255296894,
        0.00007835192279456203,
        0,
        0,
        0,
        0,
        0.000036934448215619,
        0.00010602418785196112,
