{
    "n": 20,
    "result": [
        0,
        0.004780036039201801,
        0.0038594010960432278,
        0.004842493030243633,
        0.004123371385770177,
        0.008306423034000816,
        0.0040480057807763484,
        0.00946920365031336,
        0.008390230067626632,
        0.002685859960802988,
        0.00014224788867062978,
        0.005914913431691654,
        0.0005037433235663392,
        0.0033235497364793466,
        0.000019706764313039376,
        0.0001054250695635444,
        0.005639895280192814,
        0.0004907723911804538,
        0.000015689126781301757,
        0.00042058703331899106,
        0.0002536548035647557,
        0.0009142497913955413,
        0.006419391476057895,
        0.006202501862419881,
        0.004934012095380673,
        0.006772966287799259,
        0.004060928888692778,
        0.008941375851950832,
        0.006973044891463129,
        0.0053446378556009895,
        0.007426768178474665,
        0.0008018030996951976,
        0.0008600792501856632,
        0.00007016726441775868,
        0.0013407390767910267,
        0.0029588180945084143,
        0.00006947193109429602,
        0.00007440201627950115,
        0.000033610293924807275,
        0.00016237746610243888,
        0.0000957205502111962,
        0.000507999965388055,
        0.0023965338956661595,
        0.005305112117146057,
        0.00659503279285214,
        0.007591803306630084,
        0.007880066018640506,
        0.011132996621223084,
        0.006056245183278693,
        0.005264491825183605,
        0.008766310694688143,
        0.0002700906391554577,
        0.00007837081918197429,
        0.00039859845070315173,
        0.00009897867301563975,
        0.00013527138268583318,
        0.0000978860098581179,
        0.00016938240744658237,
        0.0001957218424128077,
        0.00017733493109496268,
        0.000024685246946325407,
        0,
        0.0006255313023352954,
        0.004392654306684232,
        0.008112311790051828,
        0.007748225750379512,
        0.011116901020508852,
        0.009010445220742885,
        0.008858863791253627,
        0.012754121422451154,
        0.0021461970867672174,
        0.0076944741064329195,
        0.00038725329201864684,
        0.0011102678275510009,
        0.00029735304115739963,
        0.00015368456512824936,
        0.00011658519168072934,
        0.00026045293705221327,
        0.00001580904897847157,
        0.000007430329413789108,
        0.0003100863867005003,
        0,
        0.0005359157796988902,
        0.0005939131823245077,
        0.004060546274370446,
        0.006444172635884805,
        0.013273507086020112,
        0.007160288875077371,
        0.013838480478191275,
        0.01829845570582511,
        0.014369616698575564,
        0.002999546944901909,
        0.00012928466869085845,
        0.00013590951635614795,
        0.0000024657060603250043,
        0.00013985814211941354,
        0.00006686937554286742,
        0.000005600324431676701,
        0.0000024479309993531096,
        0.000010980252888970019,
        0.0012953742721585769,
        0,
        0,
        0.0004964890209890523,
        0.003206618129207135,
        0.007449679647816767,
        0.012742955185100853,
        0.9870617379731553,
        0.9968677347776871,
        1.9739540824245314,
        1.967528344098226,
        1.9965461370406525,
        1.9951409771719537,
        0.00003601103837789669,
        0.00007135806504184104,
        0.00008345189475005195,
        0.00020525596544029861,
        0.00016986184140853683,
        0.000009937894181297511,
        0.000011381551072007124,
        0.000003930039340039362,
        0,
        0,
        0.00028736891600667874,
        0.0010651265703275079,
        0.0036265566314258816,
        0.005024578321776496,
        0.9711948692218113,
        0.9619159762225715,
        1.9617475036188226,
        1.9634704765684854,
        1.9830364643509335,
        1.9759893679816443,
        0.00027406519261335554,
        0.00008439913983814283,
        0.00010789320601215812,
        0.00019749342345771798,
        0.0000045884793620118945,
        0.00009018062337709203,
        0.0001896572526161511,
        0.0000012979858891123573,
        0,
        0,
        0,
        0.0006588213739615418,
        0.003984507446259413,
        0.004789712168754279,
        1.022347941264736,
        1.0401768440508739,
        0.05852878798946166,
        0.06796321505950488,
        4.097226772883342,
        4.0090400294194195,
        0.00006837549775608358,
        0.00004717967586882987,
        0.00018138409789404984,
        0.00025589853477520004,
        0.0000991378875724197,
        0.00006751459888156811,
        0.00003618293996770342,
        0.000010214533612153413,
        0,
        0,
        0,
        0.000575691640420513,
        0.0016954185435998068,
        0.005422730283519447,
        1.0084978176389154,
        1.0369313826185909,
        0.060510534116729915,
        0.04546117073974275,
        3.990468944750347,
        3.9413606556106617,
        0.0001629506347878109,
        0.00046341806697318427,
        0.0000899543004178661,
        0.00009036756226741599,
        0.00007861843835756972,
        0.00013837995209307788,
        0.000001813914327174192,
        0,
        0,
        0,
        0,
        0.000377279666605925,
        0.00008939136209347312,
        0.005768789922362336,
        1.040268236745617,
        1.0192888720626505,
        2.993525487879179,
        2.9895076455469103,
        3.010378240357348,
        2.96607411175156,
        0.0027351991409496185,
        0.00015932887490681125,
        0.00022378905024888324,
        0.00001999716711886286,
        0.00006123859118973719,
        0.00002244139862597294,
        0.000008138440742559049,
        0,
        0,
        0,
        0,
        0.000035874024486886533,
        0.0008736205731598102,
        0.0019700183173604383,
        0.8496972955779606,
        0.8386294518918896,
        2.81764681389518,
        2.8352299291674274,
        2.8636275266176563,
        2.9043936676262505,
        0.0014455047931787165,
        0.0024319838655784748,
        0.0004179982062191937,
        0.000024979918334240635,
        0.00003414733583788137,
        0.00005055502292235697,
        0.000043779847394464794,
        0,
        0,
        0,
        0,
        0.000004485364077414175,
        0.0010089586815533861,
        0.001641291008836591,
        0.9818104633702188,
        0.996460423864508,
        0.04365357823873055,
        0.04036206037723959,
        0.039561469983996254,
        0.024539632473112596,
        0.0038324675319369307,
        0.0007169944271610972,
        0.00019445997193704679,
        0.0002880746717052547,
        0.00001008197113073405,
        0.00016664056824351403,
        0.000005875527790615446,
        0,
        0,
        0,
        0,
        0.00017563041449226123,
        0.00002705009206731084,
        0.0030489691692177404,
        1.1288990573909257,
        1.107858923749125,
        0.03115321538459972,
        0.03774114466742153,
        0.01538845022870275,
        0.020437376992953737,
        0.008608437884339926,
        0.0029647011569116375,
        0.0011976513345319294,
        0.000725176472040498,
        0.0000833967628682597,
        0.000019103120052990386,
        0.000008400777375617804,
        0,
        0,
        0,
        0.000008652974567549299,
        0.00020984842919477792,
        0.00040465706247830345,
        0.0012010634071375169,
        0.9556563499433782,
        0.9106147064820161,
        0.00456262229614764,
        0.012646375371872715,
        0.014414793311484998,
        0.015515816228753093,
        0.008540943435726776,
        0.004262780737055046,
        0.0036705695218707856,
        0.0009434917481249317,
        0.00018722797421090605,
        0.000002524951893910759,
        0.00004696724431627061,
        0,
        0,
